id,created_at,text
951137386963980289,2018-01-10 17:03:18,RT @ParityTech: Please upgrade your Parity nodes to 1.7.12-stable or 1.8.6-beta. Mind the release notes &amp; be aware that the support for sta‚Ä¶
949662885222998018,2018-01-06 15:24:10,Happy to place the #ethereum Yellow Paper under the Creative Commons Free Culture Licence CC-BY-SA. https://t.co/CPDwmFyojq
940171551638540288,2017-12-11 10:49:00,RT @ParityTech: #ParityTech on Classes of Stuck Ether and Potential Solutions. #ethereum #decentralise https://t.co/Cx0Pw7gq7u
939591136368300039,2017-12-09 20:22:38,"RT @web3foundation: Our mission, our goals and our plans summed up in a new @Medium #Web3Foundation #Blockchain #Decentralize #Web3 https:/‚Ä¶"
936626286763667457,2017-12-01 16:01:23,"Thanks for having me @melonport #M0 Blockchain Conference for Asset Management!! To hear about ""The Journey to‚Ä¶ https://t.co/0NiP0vyboO"
936242088701722624,2017-11-30 14:34:43,"RT @ParityTech: ""The third web is a whole new stack of tech that will underline the businesses we build"" @jutta_steiner #web3 #decentralise‚Ä¶"
935455055871926272,2017-11-28 10:27:19,RT @ParityTech: Check out the latest work our dev's have been doing on the @web3foundation @polkadotnetwork protocol in our latest dev upda‚Ä¶
932939855071412225,2017-11-21 11:52:49,RT @deveryofficial: We will be implementing @paritytech and @gavofyork #PICOPS for our KYC checks. Parity is an invaluable contributor to t‚Ä¶
931073364155920386,2017-11-16 08:16:03,RT @polkadotnetwork: Would you like a sneak-peek into the conversation the @ParityTech devs are having regarding the #PolkadotNetwork build‚Ä¶
930871651067101184,2017-11-15 18:54:31,RT @AmbrosusAMB: #Ambrosus reaffirms our confidence in the ability of #Parity to design &amp; build cutting-edge #blockchain solutions. Dr Jutt‚Ä¶
930781063646994432,2017-11-15 12:54:33,RT @ParityTech: Our Post-Mortem of last week's events. We very much regret the impact of the incident and we‚Äôre working hard on finding a s‚Ä¶
930529844533833728,2017-11-14 20:16:18,RT @jutta_steiner: @web3foundation We are working on the @ParityTech post-mortem and will publish shortly.
930435362299826177,2017-11-14 14:00:51,RT @polkadotnetwork: .@web3foundation published a new update. We hope this answers the questions you've been having. Feel free to reach out‚Ä¶
929001218558648320,2017-11-10 15:02:05,RT @bjornwgnr: And so it begins... #web3 @web3foundation @polkadotnetwork @ParityTech https://t.co/tk650gqgWP
928596289998196736,2017-11-09 12:13:02,RT @ParityTech: The full statement and update can be found on our website https://t.co/dBfLnrYIMB. If you would like to check if your walle‚Ä¶
927986595285880832,2017-11-07 19:50:20,RT @5chdn: The @web3foundation statement on the @ParityTech multi-signate wallet lock. https://t.co/kL3Sy7mbxN #ethereum #parity #polkadot
927888820388945920,2017-11-07 13:21:48,RT @ParityTech: Update: To the best of our knowledge the funds are frozen &amp; can't be moved anywhere. The total ETH circulating social media‚Ä¶
927858693475008512,2017-11-07 11:22:05,"RT @ParityTech: UPDATE: For details on the security alert please read this announcement. 

https://t.co/dBfLnrYIMB"
927469040091660288,2017-11-06 09:33:45,RT @hudsonjameson: Devcon3! https://t.co/M3tslq11WZ
926563733832437760,2017-11-03 21:36:23,RT @polkadotnetwork: Hey #Cancun We are hosting a very impromptu #polkadotnetwork #Devcon3 happy hour. 5-6pm at @FA_Grand_Hotel lobby
926425234521182208,2017-11-03 12:26:02,Commemorating the fork @nicksdjohnson #ethereum #byzantium #Devcon3 #forkit https://t.co/51vhP4jLKj
926027584386854912,2017-11-02 10:05:55,RT @web3foundation: Looking forward to @techcrunch Disrupt Berlin! @gavofyork and @jutta_steiner's presentation sounds very promising https‚Ä¶
925807857391624192,2017-11-01 19:32:48,RT @ParityTech: Earlier at #Devcon3...  #ethereum #blockchain #decentralise #ParityTech https://t.co/84RbAdXvoO
925764786868060160,2017-11-01 16:41:39,RT @5chdn: Let's compile the @ParityTech light client down to WASM and embed it into the browser. #ethereum #Devcon3 https://t.co/qN1PgBJuhu
925398398391463936,2017-10-31 16:25:45,"RT @coinreserve: @yes4motivation Today's show where we discuss important protocols like, #bitcoin #ETHEREUM @MineFilecoin @polkadotnetwork‚Ä¶"
924944171408003072,2017-10-30 10:20:49,"RT @VitalikButerin: @SatoshiPolanyi @peacekeeper I expect PICOPS to be more successful than most, because it's clearly designed around an a‚Ä¶"
923868723253075968,2017-10-27 11:07:22,"RT @anjjarin: Stage 1 of @polkadotnetwork down! Looking forward to watching the project develop over the next few yearsüòÄ @gavofyork, @Parit‚Ä¶"
923868674846490624,2017-10-27 11:07:11,RT @ParityTech: Congrats @polkadotnetwork for a fantastic sale!!! #web3 #Decentralise #Blockchain https://t.co/W8FdaF9vm1
923868643192164352,2017-10-27 11:07:03,RT @polkadotnetwork: The word is out -- our #PolkadotNetwork has ended. Thank you for the overwhelming support - the @web3foundation team #‚Ä¶
923833745353953280,2017-10-27 08:48:23,"RT @deveryofficial: Congratulations @polkadotnetwork, @ParityTech and @gavofyork  on a smooth and seamless sale! We're excited to use PICOP‚Ä¶"
923625989028110336,2017-10-26 19:02:50,"RT @polkadotnetwork: Here's @keornion talking DOTs in the #London meetup! #PolkadotNetwork
cc @AsherT @ParityTech @web3foundation https://t‚Ä¶"
923170174815043584,2017-10-25 12:51:36,RT @ParityTech: Check out #ParityTech's very own @jutta_steiner talking #blockchain and @polkadotnetwork!! #decentralise #Web3 https://t.co‚Ä¶
923112373862400000,2017-10-25 09:01:55,RT @polkadotnetwork: Have you already signed up to our #Tokyo meetup? We have a great line-up of speaker ready! Join us at @uzabase https:/‚Ä¶
922887662993903616,2017-10-24 18:08:59,RT @polkadotnetwork: Reminder! #Tokyo we are landing tomorrow for our first meetup in @uzabase HQ! https://t.co/Zp6s5qD1P3
922820577194332160,2017-10-24 13:42:25,"RT @polkadotnetwork: All invited to our first #Tokyo meetup tomorrow! Please join us, click the link for directions: https://t.co/Zp6s5qD1P‚Ä¶"
922805108479549440,2017-10-24 12:40:57,Join us at the first @polkadotnetwork and @web3foundation #London #Meetup where you can find out more about the new‚Ä¶ https://t.co/ykupJQWLVn
922803922917617664,2017-10-24 12:36:14,RT @ParityTech: Looking for a bizdev #internship in the blockchain space? Join #Parity's business team in Berlin! Check it out here: https:‚Ä¶
921742509910495233,2017-10-21 14:18:34,Will be speaking at #TEDxVienna at 7pm CET today. To watch live: https://t.co/7Axtohd4s3 #blockchain #decentralise https://t.co/75IlMOaBcc
921741687315222528,2017-10-21 14:15:18,RT @5chdn: Released @ParityTech 1.8.1 - https://t.co/7Ex2zKhumI - read the notes if you use a @TREZOR hardware wallet!
920662555600850946,2017-10-18 14:47:12,RT @web3foundation: In conclusion..... https://t.co/SvSQFEflAr
919550539842621440,2017-10-15 13:08:27,RT @L1LTiT: POP IT LOCK IT POLKADOT IT COUNTRIFY IT THEN HIP HOP IT PUT UR HAWK IN THE SKY SIDE TO SIDE JUMP TO THE LEFT STICK IT GLIIIIDDD‚Ä¶
919502753180811264,2017-10-15 09:58:34,"There are scam sites around for @polkadotnetwork : if you want to go to the real site, ensure it's https://t.co/CDxRKi1laU"
918824731066945536,2017-10-13 13:04:21,RT @polkadotnetwork: Please read the PICOPS FAQs @ParityTech has provided https://t.co/oruI3SKbKZ #PolkadotNetwork #Decentralization #web3
918812428560928768,2017-10-13 12:15:28,"RT @aantonop: My new book ""Mastering Ethereum"", with @gavofyork, is aimed for publication by end of 2017."
918812137170104320,2017-10-13 12:14:18,RT @polkadotnetwork: #PolkadotNetwork An interactive plot of the effective auction cap curve against time: https://t.co/mMHv9EJnS7 cc @gavo‚Ä¶
918377671062671361,2017-10-12 07:27:54,Upcoming @ParityTech feature no. 3: Parity Offline Transaction Scheduling Service: If a transaction absolutely *mus‚Ä¶ https://t.co/wnfdpsZDHI
918376207506436097,2017-10-12 07:22:05,Upcoming @ParityTech feature no. 2: A Secure decentrsalised Dapp certification &amp; reputation system with sybil-resis‚Ä¶ https://t.co/Hmy6KqQmVW
918373666978779138,2017-10-12 07:11:59,"Upcoming @ParityTech feature no. 1: Secure human-readable document signer, built right into the trusted signing mod‚Ä¶ https://t.co/A702FPPGoz"
918220761181155329,2017-10-11 21:04:23,#Web3 #Blockchain #Decentralise #PolkadotNetwork #TheFinalCountdown https://t.co/TDLdxLkyPM
917777027125731328,2017-10-10 15:41:09,@VitalikButerin @VladZamfir @VitalikButerin fair point. Our T&amp;Cs will state that we will keep the contribution. No refunds. ;)
917319228541358080,2017-10-09 09:22:01,Sign up and catch me speaking tonight at #PolkadotNetwork's first #Berlin #Ethereum #Meetup #Blockchain #Web3‚Ä¶ https://t.co/Wqxz0k9WNb
915889713504022528,2017-10-05 10:41:38,RT @polkadotnetwork: Please take a look at our contract: https://t.co/uQR9N2x7iX we look forward to your feedback! @ParityTech @keornion #p‚Ä¶
915875304375226368,2017-10-05 09:44:23,RT @polkadotnetwork: ÈÄöËøáPICOPSÔºàhttps://t.co/e1wmWw3sTgÔºâËøõË°åËÆ§ËØÅÂè™ÊòØ‰∏Ä‰∏™ÂøÖË¶ÅÊù°‰ª∂Ôºå‰ΩÜ‰∏çËÉΩ‰øùËØÅÈ¢ÑÂîÆÁöÑËµÑÊ†º„ÄÇÁî±‰∫éÁõëÁÆ°ÁöÑ‰∏çÁ°ÆÂÆöÊÄßÔºåÊàë‰ª¨Â∞Ü‰∏çÂÖÅËÆ∏‰∏≠ÂõΩÔºàPRoCÔºâÁöÑÂèÇ‰∏éËÄÖÂèÇ‰∏é„ÄÇÂ¶ÇÊûúWeb3Âü∫Èáë‰ºöÁü•ÈÅì‰∏Ä‰∏™ÂèÇ‰∏éÂú∞ÂùÄÊòØÁî±‰∏≠ÂõΩÂ±ÖÊ∞ëÊã•ÊúâÔºåÈÇ£‰πàÊàë‰ª¨‚Ä¶
915872751709294592,2017-10-05 09:34:14,@Robustwu @polkadotnetwork @ParityTech Please email picops@parity.io for any questions on the service!
915871087606497280,2017-10-05 09:27:38,RT @polkadotnetwork: A #PolkadotNetwork sale update up on @Medium now: https://t.co/2fiRKGcKR5
915566294921080833,2017-10-04 13:16:29,@moo9000 @polkadotnetwork @ParityTech Please contact picops@parity.io and they can answer all your questions!
915546048394866688,2017-10-04 11:56:02,"@moo9000 @polkadotnetwork @ParityTech Yes of course, everyone can hire PICOPS :)"
915532511954001921,2017-10-04 11:02:15,For those that are wondering the @polkadotnetwork auction will indeed be using @ParityTech's PICOPS (‚Ä¶ https://t.co/PtdtrE5wT4
915530230961524737,2017-10-04 10:53:11,RT @ParityTech: #ParityTech launches #PICOPS!! For more details check out our blog... https://t.co/MnHBdifyKl
914059752862253056,2017-09-30 09:30:02,"RT @RustFest: Thanks to our sponsor Parity!

They're hiring and using Rust in production!

https://t.co/7N1x2WCkJQ"
913771414402093057,2017-09-29 14:24:16,RT @polkadotnetwork: And @rphmeier explains the tech roadmap #PolkadotNetwork #Blockchain #Decentralize @ParityTech https://t.co/85sI3hoBni
913771398371397632,2017-09-29 14:24:13,RT @polkadotnetwork: Once again #web3 Council Member @keornion in a great video explaining the #polkadotnetwork technology https://t.co/TaM‚Ä¶
913693670561468416,2017-09-29 09:15:21,RT @polkadotnetwork: .@jutta_steiner explains the vision of the #decentralizedweb https://t.co/4JT1r6V4qX #blockchain #polkadotnetwork #dec‚Ä¶
913464090609291267,2017-09-28 18:03:05,RT @ParityTech: #ParityTech is thrilled to announce Bug Bounty Program is now live!! For more info go to https://t.co/ywKD4NWKSM  #BugBount‚Ä¶
913396314607702016,2017-09-28 13:33:46,RT @gridsingularity: Looking forward for a @melonport driven green fund which accesses @energywebx connected assets via @polkadotnetwork !!‚Ä¶
913396207413862400,2017-09-28 13:33:20,RT @polkadotnetwork: New videos! @rphmeier explains the mechanism bringing security and scalability #Blockchain #Decentralize https://t.co/‚Ä¶
911165946953392128,2017-09-22 09:51:05,"RT @Datarella: Very happy to have @rphmeier, Lead Researcher @polkadotnetwork giving a talk at our Ethereum Munich meetup, Oct, 10 https://‚Ä¶"
910079817219010560,2017-09-19 09:55:11,RT @polkadotnetwork: .@ParityTech's @jutta_steiner is seriously stirring up the #Blockchain space #Decentralization #PolkadotNetwork https:‚Ä¶
909728191912308738,2017-09-18 10:37:57,Thanks @Simpleweb for the interview about the Future of #Blockchain... https://t.co/6n4ppPyy0Q
909720450623787008,2017-09-18 10:07:11,"RT @omise_go: We are honored to support recollections of Ethereum history from @VitalikButerin and others, starting with https://t.co/wTvCB‚Ä¶"
909709842281041920,2017-09-18 09:25:02,"RT @ParityTech: Great podcast by #ParityTech's @jutta_steiner ""Parity - interoperable blockchains and the role of regulation"" https://t.co/‚Ä¶"
907916382930718723,2017-09-13 10:38:28,#PolkadotNetwork explained... https://t.co/6F8ZB3sidk
907896184370597889,2017-09-13 09:18:12,"RT @NLdigitaldelta: Blockchain expert,@gavofyork is one of the keynote speakers at the Blockchain Summit. Check his profile: https://t.co/Y‚Ä¶"
907187718668644352,2017-09-11 10:23:01,"RT @LinumEthereum: Our YouTube Channel is up! Check out the latest #Ethereum Meetup videos from our Berlin event. 

https://t.co/QqARnOovfd‚Ä¶"
906555627526410240,2017-09-09 16:31:19,Very much looking forward to continuing to help reengineer supply chains and seeing what @paritytech and @ambrosusAMB can do together.
903622723938680832,2017-09-01 14:17:00,"RT @ParityTech: ""This is the new model: A magical digital commons that come with rules and authorita baked into the protocol!"" @jutta_stein‚Ä¶"
903213211545194498,2017-08-31 11:09:45,Some news from #ParityTech... https://t.co/AZSmnlQ5yo
902870523230789632,2017-08-30 12:28:01,RT @ParityTech: Q&amp;A session with @mkotew and @rphmeier from @ParityTech at last night's #BerlinEthereumMeetup! Looking forward to the next‚Ä¶
902525786556641282,2017-08-29 13:38:10,RT @polkadotnetwork: Some photos of the #Shanghai presentation of #PolkadotNetwork organized by @yuelipeng and @chainx_org // Today we take‚Ä¶
900703623969206273,2017-08-24 12:57:32,RT @polkadotnetwork: Check out the different features #PolkadotNetwork offers in our new post https://t.co/sdq473tipb https://t.co/KITMlyAC‚Ä¶
900344328236802049,2017-08-23 13:09:50,RT @polkadotnetwork: #EthereumBerlin meet us on Tuesday 29/8 and introduce you to #PolkadotNetwork https://t.co/1iws0Ypefg @ParityTech @rph‚Ä¶
899915617280700416,2017-08-22 08:46:17,RT @AmbrosusAMB: Gavin Wood @gavofyork and Angel Versetti to present at #HongKong #Ethereum meetup tonight #blockchain @ParityTech   https:‚Ä¶
899565748829421568,2017-08-21 09:36:02,"RT @chainx_org: thank @gavofyork , @rphmeier and Bj√∂rn for giving us a fantastic @polkadotnetwork introduction in #shanghai #meetup. https:‚Ä¶"
899284337555853312,2017-08-20 14:57:48,Thanks to all the team for a great meet-up! @polkadotnetwork @ParityTech #web3 #decentralization #shanghai https://t.co/JT3yTtd2TZ
899283443481182208,2017-08-20 14:54:15,Here's Lipeng delivering a #polkadot talk  earlier today @polkadotnetwork #shanghai #meetup https://t.co/dxRb9eod72
899281053029986304,2017-08-20 14:44:45,"RT @polkadotnetwork: #SeoulEthereumMeetup ""We believe the future is not about one chain to rule them all, but an ecosystem of chains workin‚Ä¶"
898134377850449923,2017-08-17 10:48:16,"RT @jh_lees27: @gavofyork @ParityTech @polkadotnetwork
[Seoul Ethereum Meetup] Polkadot (GMT 10:00 17,Aug)
https://t.co/IHgHrI3ufY
https://‚Ä¶"
898134176871976960,2017-08-17 10:47:28,RT @polkadotnetwork: We're live at the #SeoulEthereumMeetup! @bjornwgnr of @ParityTech talking about the mission statement of the #Web3Foun‚Ä¶
897461053876994050,2017-08-15 14:12:43,Look out for the @ParityTech team over in #Seoul ‚ÄúDigix Dev Update ‚Äî 15th August 2017‚Äù by Digix https://t.co/wyeHQ8xWqQ
897408253826617344,2017-08-15 10:42:55,RT @polkadotnetwork: #PolkadotNetwork now has an official @Medium. In case you are wondering which channels to follow read on https://t.co/‚Ä¶
897090771777703936,2017-08-14 13:41:21,Proud to support @omise_go too! Looking forward to what is in store! @omise_go @VitalikButerin https://t.co/ujfsgAuleQ
897090569859604481,2017-08-14 13:40:33,RT @omise_go: OmiseGO proud to support original Ethereum builders @VitalikButerin @gavofyork going fwd into future. We stand together! News‚Ä¶
897080397791731713,2017-08-14 13:00:08,Cuppa time in #Bangkok catching up with old friends! Who is that lurking in the reflection?! :) Always great to cat‚Ä¶ https://t.co/z7XOKORjrV
897069327047942144,2017-08-14 12:16:08,RT @omise_go: #OmiseGo is the first #Plasma application - a single-point-of-execution decentralized exchange. See plasma.io &amp; https://t.co/‚Ä¶
896459501993439235,2017-08-12 19:52:55,@altcoinio Not this time!
896459056851939328,2017-08-12 19:51:09,@OurLaw2morrow Soon!
896458945107292160,2017-08-12 19:50:42,@CharlieAreskoug Not this time! Soon I hope!
896299552524955651,2017-08-12 09:17:20,Guess where I'm off to ;) https://t.co/uYANmy7a3V
896072917968080900,2017-08-11 18:16:46,With @jutta_steiner!!! Great line up here :) https://t.co/9uLRretrhx
895634593637961732,2017-08-10 13:15:01,RT @polkadotnetwork: Great job by @ParityTech on the new upgrade of polkadot.io ! Perfectly informative for all those interested in the #Po‚Ä¶
895536200626425856,2017-08-10 06:44:03,@VitalikButerin Thanks to @VitalikButerin for the same - I could never have built #ethereum without you :-)
890949847297257473,2017-07-28 14:59:31,"RT @ParityTech: Announcing #Parity 1.7! presenting our light client, Warp Sync compatibility, JSONRPC upgrades and more: https://t.co/AXR3R‚Ä¶"
890573455351058432,2017-07-27 14:03:52,"RT @ParityTech: Find a security update on bug bounty, multi-sig and upgrades: https://t.co/gxPIKnpZA6"
889375669574127616,2017-07-24 06:44:18,RT @ParityTech: For security reasons: The address of the bug bounty account is 0x00f1C77935AC482fC075B55b5990E86ea40851Bb. Only send funds‚Ä¶
889218258196471808,2017-07-23 20:18:48,RT @jutta_steiner: @ParityTech The program in particular covers the multi-sig wallet https://t.co/BFxwDDQwOv proposed by WHG for replacemen‚Ä¶
889218173039513601,2017-07-23 20:18:27,RT @jutta_steiner: Announcing @ParityTech Bug Bounty Program: https://t.co/Zy8JjwbCwz We've seeded the account but ultimately rely on you a‚Ä¶
888768035024228352,2017-07-22 14:29:46,An independent deep dive into the nature of the multisig hack by @el33th4xor  and his team https://t.co/xNwtdP1j4R
888398605031272449,2017-07-21 14:01:47,RT @_JohnWhelan: This is the right kind of post mortem analysis.  Nice work @ParityTech #ethereum https://t.co/1LiXsAT176
888072165035257856,2017-07-20 16:24:38,RT @ParityTech: Read #Parity's blog post response: The Multi-sig Hack: A Postmortem https://t.co/GpAQ8tEa79
888043686151499776,2017-07-20 14:31:28,"RT @LefterisJP: Reminder. Yesterday's vulnerablity was in a smart contract. @ParityTech client is a perfectly safe, fast and reliable #ethe‚Ä¶"
887806654623993857,2017-07-19 22:49:35,"RT @ParityTech: Future multi-sig wallets created by versions of Parity are secure, for fix see: https://t.co/h5vc0KObpq (updated)"
887790108757422080,2017-07-19 21:43:50,RT @ParityTech: White Hat Group emptied vulnerable multi-sig wallets. Please stay calm and check: https://t.co/FVjmzARWmJ
887765859980255233,2017-07-19 20:07:29,"RT @jutta_steiner: @ethereumproject @ParityTech MULTI-SIG wallets in Parity Wallet have a little ""wallet"" tag in upper right corner. Normal‚Ä¶"
887753924681146368,2017-07-19 19:20:03,RT @ParityTech: @mrjohndor ONLY MULTISIG WALLETS.
887753730531237891,2017-07-19 19:19:17,RT @ParityTech: IMPORTANT: SECURITY ALERT: https://t.co/h5vc0KwAxS Move funds in multi-sig wallet created in Parity Wallet 1.5 or higher im‚Ä¶
885462534161039361,2017-07-13 11:34:53,RT @polkadotnetwork: Thank you everyone at @TOABerlin for inviting us and giving the chance to @gavofyork to introduce #PolkadotNetwork. St‚Ä¶
884299278897881088,2017-07-10 06:32:32,"RT @stephantual: In-depth comparison of @polkadotnetwork vs state channels, sidechains, enterprise chains, ethereum 2.x, the works! - https‚Ä¶"
882202795297964033,2017-07-04 11:41:51,RT @crypto_jesus: @Namecheap massive disruption to our systems because of your nameservers and your support team wouldn't give a timeframe‚Ä¶
881801633629437954,2017-07-03 09:07:47,"RT @lopp: ""Bitcoin is a simple protocol with a complex implementation."" Lessons learned by @iDebris5 when writing the @ParityTech Bitcoin n‚Ä¶"
876744876469211138,2017-06-19 10:14:02,RT @melonport: We‚Äôre very proud to announce our new v0.1.0 release of the #Melon #Portal! Feedback welcome! https://t.co/3w4U0VZgSW #Ethere‚Ä¶
868127330354548741,2017-05-26 15:30:59,For once Corbyn says something that actually makes sense. Maybe I will vote Labour after all. https://t.co/Gz5FtOPpYA
864892772364546050,2017-05-17 17:18:00,"RT @AlexanderAbdo: Lots to digest on latest hack, but 1 critical point for encryption debate: The ""we can keep centralized secrets safe"" ar‚Ä¶"
863489769095008256,2017-05-13 20:22:58,Eurovision party with amir Taaki and the parity crew. #Eurovision2017 https://t.co/3MI0mk3HTQ
862892460128833536,2017-05-12 04:49:28,"RT @thenation: The CIA Didn‚Äôt Just Torture, It Experimented on Human Beings https://t.co/xO9ucrwlAp"
861898501386534913,2017-05-09 10:59:50,RT @mikebutcher: The UN is to distribute funds to refugees using Ethereum https://t.co/1KgRXeAS5a helped by @ParityTech @gavofyork @Datarel‚Ä¶
860479941904920576,2017-05-05 13:02:59,RT @CarstenStoecker: Forgot to mention that we built our solution on @ParityTech Ethereum client. https://t.co/9pAh6KGP0r
857968769221742592,2017-04-28 14:44:29,conflating protocol specification with viable implementation leads to abusive governance. heed the constitution and separate the powers!
857268222164439040,2017-04-26 16:20:46,"@fore_thought @elonmusk i'm up for it, but elon buys the beers."
851024672296759296,2017-04-09 10:51:07,"@nicksdjohnson @ParityTech @ethereumproject EIPs and paritytech didn't even exist when this was proposed in 2015, a‚Ä¶ https://t.co/4oPrLia2hw"
850762050301308930,2017-04-08 17:27:33,"oo7-parity.js, our zero-fuss async, functional and reactive #ethereum JS API, now has comprehensive reference docs https://t.co/ov6vMyN5HJ !"
849885013453746176,2017-04-06 07:22:31,https://t.co/8ryIP3ynWc
841945974360686593,2017-03-15 09:35:37,RT @EurekaCertif: Winners of the #MerkleWeek hackathon #Dether and #VoltaChain @Aldhyr @jennaszenk @BenysAbd and @AssoCDC + @AssethFR https‚Ä¶
841557732985561088,2017-03-14 07:52:53,RT @Snowden: The conclusions from the UN report on surveillance are amazing even beyond what this article writes. https://t.co/sjOsoKtdgG h‚Ä¶
841244464618328064,2017-03-13 11:08:04,"RT @ParityTech: #Parity 1.6 is out: with a revamped UI, account vaults, support for Ledger hardware, a new MacOS installer and more: https:‚Ä¶"
841026393542676480,2017-03-12 20:41:32,RT @ClipperChip: https://t.co/xCW0iccEUI
840853788940460034,2017-03-12 09:15:40,RT @wikileaks: IETF releases statement on CIA leaks #Vault7 https://t.co/Lws78hxhmO
840853156338761728,2017-03-12 09:13:09,RT @Snowden: Landmark study by Harvard finds government hacking becoming increasingly risky: chance that enemies can exploit same flaws now‚Ä¶
840570760477474816,2017-03-11 14:31:01,"RT @jutta_steiner: @AlyssaHertig Parity, most robust client used by majority of eth infrastructure has had ""pluggable cons."" for months htt‚Ä¶"
840570534148603904,2017-03-11 14:30:07,RT @buchmanster: @jutta_steiner @ParityTech @AlyssaHertig can vouch - they even implemented @tendermint_team consensus!
839720327370391552,2017-03-09 06:11:41,"RT @St3veR: What will be, will be @AnonScan #ItsTime #WIKILEAKS #Vault7 #CIA #trump #NYT Quote 1966 https://t.co/euoB9vuGdm"
839088038387015681,2017-03-07 12:19:12,RT @ParityTech: @DigixGlobal Letter from the CEO‚Ää‚Äî‚ÄäSome Context Regarding #Kovan #ethereum https://t.co/48BpQHmVYG
838736803981062144,2017-03-06 13:03:31,"@jeffehh and I'd just like to point out Kovan doesn't belong to Parity. Many thanks Digix, Attores and TenX for inviting us to participate!"
838684030585339905,2017-03-06 09:33:49,RT @ParityTech: Announcing #Kovan: the new testnet for #Ethereum using #Parity's Aura PoA consensus engine https://t.co/0dpOMhbXAa
837648961636864001,2017-03-03 13:00:49,"RT @PwC_France: . @PwC_France partenaire de la #Merkle conference, le rdv incontournable des passionn√©s de #blockchain https://t.co/kE3sS92‚Ä¶"
834882173245272064,2017-02-23 21:46:36,RT @changelog: When you only enforce input validations client-side https://t.co/TjjL9bNVEo
833620418191835136,2017-02-20 10:12:50,@pkafei @ChrJentzsch @ParityTech https://t.co/tpmFGrAVyF
831521031470841860,2017-02-14 15:10:37,"if you want to buy MLN, you can schedule your order already with #ethereum #parity https://t.co/II4jlJYsVM https://t.co/NfXyrzvWzR"
831511533100400641,2017-02-14 14:32:52,@ParityTech @eventhorizonx Happy to be sat next to some of the best in the business :)
831511396772888576,2017-02-14 14:32:20,"RT @ParityTech: #Parity's @gavofyork introducing #Polkadot, #Ethereum and #blockchain at #eventhorizon2017 @eventhorizonx https://t.co/lfoR‚Ä¶"
830468779985473536,2017-02-11 17:29:21,@feindura @reddit and also securely in your normal browser with @ParityTech Parity Wallet v1.5.2 https://t.co/IdVkMLKYZL
829393765446144002,2017-02-08 18:17:37,Join me at the Merkle Week in Paris. I'll be there. #MWEEK @EurekaCertif https://t.co/SY555aXd6o https://t.co/erJzIHLLGy
829333219657007105,2017-02-08 14:17:02,Polkadot for Dummies https://t.co/KgIazktUQ2 thanks to @PaulKohlhaas for a concise summary of Polkadot.
829333080599121921,2017-02-08 14:16:29,"Polkadot fan art - courtesy Leonardo F, 5 years. Thanks Leonardo! :) https://t.co/cSComP6MF0"
828255380090281984,2017-02-05 14:54:05,"RT @cosmos_hq: Come see both @polkadotnetwork and @cosmos_hq at the first Internet of Blockchains meetup in Berlin, Monday Feb 20! https://‚Ä¶"
827455404217139200,2017-02-03 09:55:16,RT @pkafei: Good talk on the architecture of light chains by @rphmeier from @ParityTech https://t.co/CRLjwvSXIM
822729739723014144,2017-01-21 08:57:10,"RT @zooko: Wow!!! I am absolutely amazed by how much cutting-edge new functionality the ""Parity"" Ethereum client just dropped: https://t.co‚Ä¶"
822119029733265408,2017-01-19 16:30:25,"#parity #ethereum 1.5 is out: Multisig wallets, contract deployment, auto-updating, PoA/dev chains, badges &amp; more https://t.co/40twP84Zml"
814103715103862784,2016-12-28 13:40:25,@makerdao 's market working in the latest #parity #ethereum Parity Wallet. https://t.co/TDw5kAnsik
810589112394805250,2016-12-18 20:54:39,"RT @KapplerKen: Best meta-article I've read in a long while and a sorry indictment of British ""Journalism"". https://t.co/7OWhX6V0LP #PostTr‚Ä¶"
805785729469181952,2016-12-05 14:47:43,RT @ethcoreproject: @gavofyork on why and how #blockchain changes the world by the rarest of all intangible assets: #trust. https://t.co/RP‚Ä¶
803883874283569152,2016-11-30 08:50:25,RT @ethcoreproject: Great news: #Ethereum state cleaning is over guys. Warp sync the chain on your #Parity node within ONE minute! @ethereu‚Ä¶
803197600287571972,2016-11-28 11:23:25,RT @ethcoreproject: Join our 1st Parity MeetUp at @agoracollective today or follow it live here: https://t.co/8AO6pfv91R  #blockchain https‚Ä¶
801928922669678592,2016-11-24 23:22:08,Thanks to @buchmanster for pointing out others would like to see #ethereum make better use of the Yellow Paper https://t.co/89yX2BPk5t
800714953615351808,2016-11-21 14:58:16,RT @ethcoreproject: Join our first #Parity #MeetUp on Nov 28 at @agoracollective #ethereum #blockchain https://t.co/wgWgYTmfkr
798941649883643904,2016-11-16 17:31:47,RT @ethcoreproject: Parity Technologies (#Ethcore) is excited to partner with #Microsoft Azure: #Parity #Ethereum node is available now: ht‚Ä¶
798843450246340608,2016-11-16 11:01:34,"RT @ethcoreproject: Proud to announce 1st Parity MeetUp https://t.co/AZ6keYZaNQ: @perham83 presenting @melonport project, @gavofyork presen‚Ä¶"
798188766921773056,2016-11-14 15:40:06,"RT @ethcoreproject: #Parity announces revolutionary #blockchain vision ""Polkadot"": https://t.co/5K7p8VLcAg #ethcore #polkadot"
798173812089036800,2016-11-14 14:40:40,Initial draft of #polkadot paper is at https://t.co/dLmibCpvri; it's a technical proposal for a scalable extensible heterogeneous multichain
796786996203163648,2016-11-10 18:49:58,"RT @ethcoreproject: #Parity 1.4.2 is out: with solutions for additional issues and minor changes, check it out! #ethereum https://t.co/eXoj‚Ä¶"
795899114798141440,2016-11-08 08:01:50,RT @chevdor: With love to @metamask_io and the #Mist #ethereum browser. Award of awesomeness to #Parity from @ethcoreproject. @gavofyork yo‚Ä¶
795896405772632064,2016-11-08 07:51:04,RT @wikileaks: US presidential candidate @DrJillStein (Greens) draws attention to Obama's war on whistleblowers in election eve PR https://‚Ä¶
794217645256175616,2016-11-03 16:40:17,"RT @techonpolitics: 2day, @jutta_steiner  is on EP 3! https://t.co/TRCkfG7YmB #Blockchain Nation State. She joins #ToPAlums @ericries  &amp; @m‚Ä¶"
794163932743270401,2016-11-03 13:06:51,"apparent agreement on block 2,642,462 for the next #ethereum hardfork. it'll include EIP150/160/161. #parity 1.3.10/1.4/1.5 will support it."
792313756797771776,2016-10-29 10:34:54,RT @eventhorizonx: We are thrilled to have world class speakers at the @eventhorizonx @VitalikButerin @RockyMtnInst @gavofyork @Energy_MGra‚Ä¶
791689625848934401,2016-10-27 17:14:50,I just synced the bloated #ethereum block chain from nothing in 8 minutes using upcoming #parity 1.4's Warp-Sync. https://t.co/mb7X6sBnlX
789839626672435201,2016-10-22 14:43:36,"Upcoming #parity wallet supports all the #ethereum tokens, tags, launch your own coin and more! Watch out for Parit‚Ä¶ https://t.co/F2lymISUuu"
789477562200252417,2016-10-21 14:44:53,"RT @ethcoreproject: Parity 1.3.9 is out for Ethereum (also EIP-150 hard fork for ETC chain), check it out! https://t.co/jSlMt7nwrm #ethereu‚Ä¶"
788321501925740544,2016-10-18 10:11:07,#ethereum https://t.co/bcbSvoJOAo is available for use to check fork. same pw as https://t.co/094Ms5QHsD; use WS_SERVER ws://stats.parity.io
787295575985324032,2016-10-15 14:14:27,#ethereum #parity 1.3.8 is out with support for the EIP-150 hard fork. everyone encouraged to upgrade! https://t.co/2Nk3Ee9SHI
787270145332969473,2016-10-15 12:33:24,Latest version of #ethereum yellow paper is out with EIP-150 change specification. https://t.co/A5H5N2S44F
786609034417668096,2016-10-13 16:46:22,"RT @aantonop: Official announcement of ""Mastering Ethereum"" with more details will be in Zurich on Oct 26th.

https://t.co/js33nfyy7w"
786596915769020416,2016-10-13 15:58:13,"Thrilled to team up with @aantonop in collaboration for ""Mastering Ethereum"", that will be ready by the end of 2017 #blockchain #ethereum"
784427293477367809,2016-10-07 16:16:55,#parity 1.3.4 released! new ULTRACACHE defends against all current attacks. #ethereum needs YOU... to upgrade! https://t.co/PuGGbsDFzH
784375704851013632,2016-10-07 12:51:55,i wholeheartedly agree with @vbuterins EIP150.1b https://t.co/jRukVnPJ2n #ethereum hotfix hard fork proposal. we can't get it in soon enough
784127391736168448,2016-10-06 20:25:13,"The US presidential election. It's like the Good, the Bad and the Ugly except there's no Good. #hint"
782879221295243264,2016-10-03 09:45:26,"Last week's conversation about #Ethereum, Cryptocurrency and #Parity with @changelog @ethcoreproject #blockchain https://t.co/usRewpucK9"
781758806917124096,2016-09-30 07:33:18,RT @ethcoreproject: join @VitalikButerin and #ethcore's @tj_saw at our Ethereum Dev Workshop in Hong Kong today! https://t.co/PgW2JyFyLt #e‚Ä¶
781490270911205377,2016-09-29 13:46:14,RT @ethcoreproject: 30ms block import times with new #Parity 1.3.2 under DoS attack #ethereum #blockchain  https://t.co/LfNa3hYyir
781364478214606848,2016-09-29 05:26:23,RT @general_beck: #parity #ethereum #node are you ready to break the record? https://t.co/Gj0h7Iqb2B Arcturus is ready for the challenge ht‚Ä¶
781127193774682112,2016-09-28 13:43:30,Evening alone? Fancied a bit of coding? Me too. So I put #expanse EXP support in to #parity. https://t.co/XO427ORW86 https://t.co/zGvC6AbwkB
778973366728491008,2016-09-22 15:04:57,"RT @ethcoreproject: The network is under attack, it is highly recommended to switch to Parity mining #blockchain #ethereum @ethereumproject‚Ä¶"
778679308722188288,2016-09-21 19:36:29,"RT @PardonSnowden: Sir Tim Berners-Lee, inventor of the World Wide Web. https://t.co/mzcElR51b9 https://t.co/TGil9xNt20"
777808635527323648,2016-09-19 09:56:44,"RT @ethcoreproject: Join #Parity's Lead Engineer, Arkadiy Paronyan at #devcon2: performance's overview &amp; secur. aspects, Sept 20 10:30am ht‚Ä¶"
777792623381741568,2016-09-19 08:53:06,RT @myetherwallet: ETHCORE showing off new Parity UI at #devcon2.  Slick stuff. üòç @ethcoreproject https://t.co/PbBCudGWoQ
777763356203683840,2016-09-19 06:56:48,RT @karthikkittu: @gavofyork at #INK2016 on Blockchain ! @inktalks https://t.co/eYC7nyQLas
777763124598411264,2016-09-19 06:55:53,RT @KapplerKen: So it looks like Parity isn't affected by this bug - that's why the network is still up. @ethcoreproject
777762984466743296,2016-09-19 06:55:20,"RT @RustFest: Blockchains, Crypto, oh my! @ethcoreproject is at RustFest, you can meet and speak to them at their table!"
776311688228372480,2016-09-15 06:48:24,"RT @wikileaks: Swedish human rights chair reports on ‚ÄòAffair Assange‚Äô ‚Äì Malicious handling of a political case 
https://t.co/R83gWKMgft"
776309285164810240,2016-09-15 06:38:51,"RT @hrw: 3 years ago he warned public of massive gov surveillance, time for Obama to #PardonSnowden https://t.co/BuMjcDZaJE https://t.co/OT‚Ä¶"
775681237654577152,2016-09-13 13:03:13,RT @tj_saw: @ethcoreproject is excited to present our #Parity #Ethereum client at @finance20ch in #Zurich
774191039699484672,2016-09-09 10:21:42,"RT @celeduc: I checked my records: Parity v1.2.2-0 ran from the day it was released until today, 55 days, without an error or restart. @eth‚Ä¶"
773881216193921024,2016-09-08 13:50:34,"RT @ethcoreproject: Swiss consortium announces using #Parity with its ""efficiency and private chain capabilities"" #ethereum #blockchain htt‚Ä¶"
773877803410460673,2016-09-08 13:37:00,"RT @myetherwallet: If you haven't noticed, loading balances is now SUPER fast. We finally switched 100% to #parity nodes &amp; it's amazing. Th‚Ä¶"
773512893597974528,2016-09-07 13:26:59,"RT @ethcoreproject: Ethcore is hosting a #blockchain workshop at @Rustfest on 18 Sep at co.up, read all about it and check for updates: htt‚Ä¶"
769117768650194944,2016-08-26 10:22:20,Some of the cooler account icons I've found with the help of #ethereum #parity's upcoming icon-mining wallet. https://t.co/7TJR6U8Ofs
768107557084889088,2016-08-23 15:28:07,"RT @ethcoreproject: #Ethcore is proud to be part of @RustFest 2016, join us on 17-18 Sept in Berlin! https://t.co/p4as56yjQ9 #rust https://‚Ä¶"
766679488444891136,2016-08-19 16:53:28,TPP: the fastest way of exporting crappy American policy into EU law. https://t.co/DcvQfUWXG0
764157132677799936,2016-08-12 17:50:32,New #ethereum #parity release 1.3.0. Includes state snapshotting and huge optimisations! Read more at https://t.co/RKokbQHv1t
763642145806909440,2016-08-11 07:44:10,RT @ethcoreproject: Parity 1.2.4 stable is released! #ethcore #ethereum #blockchain  https://t.co/U8SuB2AN3v
763387970284052480,2016-08-10 14:54:09,"Looking forward to #INK2016, presenting @ethcoreproject in September! https://t.co/K7IuFCyXNV https://t.co/MufduB0J7m"
762569586638221312,2016-08-08 08:42:11,RT @infxcoin: https://t.co/18BIWaDloE has now been switched over to parity. Nice increase in performance. @miningrigrental  @ethcoreproject‚Ä¶
757197495801880576,2016-07-24 12:55:25,Upcoming #parity #ethereum classic client... https://t.co/Bw29T5JGXb
755867464282566657,2016-07-20 20:50:21,To a successful #ethereum hard fork! https://t.co/cTbdzAmcIZ
755415082708918277,2016-07-19 14:52:45,RT @vanderkriek: https://t.co/zqGZEsj4WF just switched to @ethcoreproject Parity client! #ethereum https://t.co/arZw3LCr5J
754619165391159296,2016-07-17 10:10:03,"If you getting #ethereum #parity on Windows, make sure it's signed with Verified publisher as ETH CORE LIMITED! https://t.co/Cepsj5vPPg"
754388247111987201,2016-07-16 18:52:28,"Latest #ethereum #parity optimisations: to sync 1st 200k=1:51; 500k=6:30; 700k=10:10; 1,000k=19:30; 1,500k=37:01 https://t.co/Vu54q5DCsk"
754388244188585984,2016-07-16 18:52:27,RT @ethcoreproject: Parity 1.2.2 released - Hard fork enabled. https://t.co/AssdwkPyLu #ethcore #ethereum
754270780297445376,2016-07-16 11:05:42,"@jeffehh yup, though it's also our greatest issue and a candidate for removal in favour of a bespoke solution"
754263786534633472,2016-07-16 10:37:54,"@jeffehh i think the greatest gains came from the lazy trie, journalling db and vm tweaking"
754252897836273664,2016-07-16 09:54:38,"Latest #parity optimisations set new #ethereum drag race record: first 200k blocks in 123s. That's 1,626 block/s! https://t.co/E7s3Mk8UDQ"
753876089089458176,2016-07-15 08:57:20,"New ""drag race"" block import record for Parity first 200k blocks in 150s: 1350 block/s! https://t.co/tA0VW5u7Ot"
752831398155788288,2016-07-12 11:46:06,"RT @ethcoreproject: Read our new blog post: ""In support of a hard fork"" #ethereum #ethcore #blockchain  #TheDAO https://t.co/DpjUSdeqHk"
748138955690881024,2016-06-29 13:00:01,RT @ethcoreproject: Read our latest blog post here: https://t.co/SCOlgEYvMG  #ethcore #ethereum #theDAO #blockchain
748096711290130432,2016-06-29 10:12:09,RT @general_beck: #parity #ethereum #miner we are waiting for you in our channel https://t.co/cDKpqyiK0c
747791432400904192,2016-06-28 13:59:05,RT @pospigos: this and 3-10% CPU usage makes switching from geth to @ethcoreproject's parity more than worth it! #ethereum https://t.co/gm7‚Ä¶
747139036637192192,2016-06-26 18:46:42,I just published ‚ÄúCondition-Orientated Programming‚Äù https://t.co/cBjfIRIbcU
746733044099342337,2016-06-25 15:53:25,"RT @3esmit: @stephantual just compiled it today too, with help of @gavofyork https://t.co/xIH6vEf8zy"
746733020334399488,2016-06-25 15:53:20,"RT @stephantual: Right, let's give this a try. Parity on OSX via Brew - #parity #ethereum #blockchain https://t.co/PAKNgNbFx6"
746371092634271744,2016-06-24 15:55:10,"RT @ethcoreproject: Excited to announce the 1.2 release of Parity, featuring a brand new UI, the DAO soft fork, Windows builds and more: ht‚Ä¶"
746283186817212417,2016-06-24 10:05:51,"how would #Superhans put it? ""people like Coldplay and voted for #Brexit: you can't trust people""https://t.co/LIIg9ZE3xH"
745637960251510784,2016-06-22 15:21:57,RT @ethcoreproject: Read our latest blog post: https://t.co/C8f6byyDgD #ethereum #blockchain #ethcore
745204965866606592,2016-06-21 10:41:23,"#solarstorm == https://t.co/wmq180V4Bh in #ethereum ? that's what passes for ""news"" now?"
744922185689608192,2016-06-20 15:57:43,"Agreed. Decentralisation is great for preventing abuses of power, but sometimes it's other abuses we need to fix. https://t.co/dPpFzeRdpJ"
744511005103882240,2016-06-19 12:43:50,Formally-defined injustice is still injustice. #ethereum #TheDAO #TheDaoHack
744493264284323840,2016-06-19 11:33:20,"Freedom is about choice, not the universal enforcement of some supposed absolute truth. The #ethereum code you run is your choice, not ours."
743888966869524481,2016-06-17 19:32:05,More information on how the community response to #ethereum's #thedao can proceed https://t.co/kzRkBecUN0
743796560807485441,2016-06-17 13:24:53,Read our latest blog post: https://t.co/B8Bq6sCbga
743760888251834368,2016-06-17 11:03:08,hold on to your hats; watch this space for an #ethereum soft fork to calm #thedao issue and a hard fork to get everyone their ETH back.
743719092616470529,2016-06-17 08:17:03,RT @Jo_Cox1: My hubby @MrBrendanCox &amp; children taking part in the battle of the #Thames - because we're #StrongerIn #Remain https://t.co/6J‚Ä¶
743431367023820800,2016-06-16 13:13:44,"RT @zcbeaton: Your new poster resembles outright Nazi propaganda, @Nigel_Farage. Thanks to @brendanjharkin for pointing it out. https://t.c‚Ä¶"
743388351747756032,2016-06-16 10:22:49,RT @CraigBennett3: This appeared in a Dutch newspaper today. It's very touching. Always have liked the Dutch. #VoteRemain #EUref https://t.‚Ä¶
741974804186681344,2016-06-12 12:45:53,RT @VitalikButerin: @effectsToCause Download the parity client from https://t.co/WKTxhwKQtB. Problem 80% solved. Next versions of geth will‚Ä¶
738757840924495872,2016-06-03 15:42:49,"RT @okoeth: @gavofyork and Tegernseer Hell, a match made in Heaven ;-) #dahoam16 https://t.co/ebwgzM7wIb"
738756292861435904,2016-06-03 15:36:40,Great little sketch version of my #ethereum presentation! https://t.co/zGL09EMd41
738755168137797632,2016-06-03 15:32:12,"thanks for inviting me to speak on #ethereum at #dahoam16 - great organisers, great talks, great participants. i'll be back!"
737991229170941952,2016-06-01 12:56:34,"RT @ethcoreproject: #Ethcore is seeking out the world's best #JS developers to build the future of blockchain, join the team! https://t.co/‚Ä¶"
737620678505959425,2016-05-31 12:24:08,RT @vanderkriek: The key is to make it modular. Exciting news @ethcoreproject @jutta_steiner https://t.co/BGHmsxGt8S
737245574651580416,2016-05-30 11:33:37,a proposal for managing #ethereum protocol governance https://t.co/tncHckHhkK
731129989215731713,2016-05-13 14:32:27,"dao ""curation"" was too prone to misunderstandings; i'm stepping down https://t.co/bp2czkZM8F"
728333080826621952,2016-05-05 21:18:32,RT @Surtrson: Dying societies accumulate laws like dying men accumulate remedies. N.G. D√°vila https://t.co/2nQBvZURfs
727778910134472704,2016-05-04 08:36:28,Happy to be representing @ethcoreproject on programme committee of W3C's Blockchains and the Web workshop https://t.co/vkPNmb0lSZ #ethereum
727775039098114048,2016-05-04 08:21:05,great article on using #ethereum #parity https://t.co/KUyJqxz3Ng
727206619830980608,2016-05-02 18:42:23,Announcing Parity 1.1: visit ethcore.io  #ethcore  #ethereum https://t.co/us6i82pp7A
725386148378464256,2016-04-27 18:08:29,Aww. Me and my key. https://t.co/1BqXvEegmm
725354845029453825,2016-04-27 16:04:06,Where can Smart Contracts take us? presentation given at #FinTechEvents https://t.co/9SPOP4xChk #ethereum
725258071233204224,2016-04-27 09:39:33,i'm MCing #FinTechEvents today and learning a lot about how banks see #ethereum and blockchain.
724630290124161025,2016-04-25 16:04:58,words are cheap. get #ethereum. #clue
724246245267648512,2016-04-24 14:38:55,"@evgenymorozov p2p micropayments enable a microsharing economy, remove corporate IT hegemony. not pay-for-breathing! https://t.co/oHjMg347qr"
723870116732084224,2016-04-23 13:44:19,#ethereum @ethcoreproject announces it's first chunk of funding! https://t.co/1sYna1mJ3F
720289400832131072,2016-04-13 16:35:50,"RT @ethcoreproject: ""Currency is just one thing we no longer have to rely on central record-keeping for‚Äù - @KapplerKen @NewStatesman https:‚Ä¶"
719711271772229634,2016-04-12 02:18:33,#ethereum parity client 1.0.2 bugfix release out! get it at parity.io @ethcoreproject
718589115915051010,2016-04-08 23:59:30,Good long rest... https://t.co/A5Ja2124TU
718412092387287040,2016-04-08 12:16:04,#ethereum Parity on RasPi 2B after 16 hours of block processing: #590622  15 blk/s | 14 tx/s | 616433 gas/s
716611822099513344,2016-04-03 13:02:27,best. music. video. ever. https://t.co/FFB8KVaPol
716181213300527105,2016-04-02 08:31:21,"RT @Snowden: As MPs rush through the Snooper's Charter, remember #GCHQ's previous use of powers: https://t.co/4VJt0VpFNc #IPBill https://t.‚Ä¶"
716180878280536064,2016-04-02 08:30:02,First block mined with parity on #ethereum Homestead! https://t.co/qISlNAqhZM
714232481961152512,2016-03-27 23:27:48,one for the miners: #ethereum gas price now denominated in USD in #parity; ETH volatility be damned! https://t.co/cd2OtkRzGz
713798842559381504,2016-03-26 18:44:40,"RT @EthEmbedded: We just released a @Raspberry_Pi @ubuntu_mate .img with @ethcoreproject #Parity! 

Download: https://t.co/sd1Vbcmb5R https‚Ä¶"
713765744337661952,2016-03-26 16:33:09,"RT @VitalikButerin: Congrats to @ethcoreproject on the Parity release! State tree pruning knocks storage down to 3.3g, state 250m"
713365151915835392,2016-03-25 14:01:20,"""It is quite a common sight to see an Arab sitting in the verandah of a Jewish house."" https://t.co/pckSBAWC43"
713061225467363328,2016-03-24 17:53:38,#ethereum parity 1.0 released! roll on civility! parity.io #ethcore
712918356798607360,2016-03-24 08:25:56,"the threat to democracy is the danger ‚Äúof provoking ill-judged, extravagant and counterproductive state responses"" https://t.co/CB21N1frkS"
712707647196295168,2016-03-23 18:28:39,use morden.io for the #ethereum testnet netstats https://t.co/fKq0wKHR4D
710178975264460801,2016-03-16 19:00:36,"Hot on the heels of the #ethereum homestead transition, #ethcore team is proud to announce #parity version 1.0.0 rc1."
709697981033930752,2016-03-15 11:09:18,like mucking around with colours? https://t.co/BUyFi8o9aL
709460217998786560,2016-03-14 19:24:31,homestead transition? what homestead transition? #ethereum #parity
708603976225329153,2016-03-12 10:42:07,"Interview with Thomas Reintjes on #Ethereum, #blockchain technology and the decentralised revolution.  https://t.co/JcwKqFb61y"
706074290001682433,2016-03-05 11:10:03,the first billion is always the hardest. #ethereum #clue
704651694181892096,2016-03-01 12:57:10,RT @wikileaks: Over 500 high-profile signatories ask Sweden &amp; UK to respect UN and release Julian Assange https://t.co/gDnOdFN952 https://t‚Ä¶
704356991968346113,2016-02-29 17:26:07,"looking forward to see #parity 1.0 up on the #ethereum homestead network, happening in two weeks' time @ #1,150,000."
703994169333837831,2016-02-28 17:24:24,Coding #parity with the latest arrival to my family. https://t.co/XI7GrNXK90
703686217393688576,2016-02-27 21:00:42,why we really need #ethereum and all the other strong crypto before IoT can be anything but an epic failure https://t.co/RtsvueTtXP
703631303107874818,2016-02-27 17:22:30,RT @wikileaks: Whither the UK? Its PM vows to scrap its Human Rights Act and it has spent more detaining Assange than its global human righ‚Ä¶
703624799944310784,2016-02-27 16:56:39,"Just merged #ethereum EIP-8 code into #parity and with that, we are #homestead-ready!"
703624019015290880,2016-02-27 16:53:33,Homestead revision of #ethereum Yellow Paper is finished https://t.co/A5H5N2S44F Thanks to Aeron for the work put in!
700695627466874881,2016-02-19 14:57:10,"Latest benchmarks at parity.io: #parity over 2.5x faster than all other #ethereum clients, runs in under half the memory."
698873625265500160,2016-02-14 14:17:11,Parity is number one rust repo in github this week https://t.co/UbhRTx4U1K #ethereum #ethcore.
697464783264677890,2016-02-10 16:58:57,"@phonikg @ethcoreproject @EthEmbedded Been too busy to try it on the RPi yet, but more than happy to support your efforts!"
697132312685846530,2016-02-09 18:57:50,"ANNOUNCING PARITY, the World's Fastest and Lightest Ethereum Implementation Written in Rust Language. https://t.co/YBmnUOtrTO"
691994885512101889,2016-01-26 14:43:32,RT @yoyplex: @BNPParibas &amp; @ethcoreproject  teaming up in a #bizhackathon to shape #blockchain solutions for payments and trade https://t.c‚Ä¶
690651212161622017,2016-01-22 21:44:15,RT @Snowden: Has anyone told @VP Joe Biden? I wonder if he agrees with his Commerce Secretary. https://t.co/rmHex5hWsG
690647901840752641,2016-01-22 21:31:06,RT @wikileaks: Press note: Woman at centre of accusations against #Assange says Swedish police 'made it up' https://t.co/MWsYHCvd7F https:/‚Ä¶
689850829063503872,2016-01-20 16:43:49,Check out the new London Ethereum Social in Shoreditch! https://t.co/6xrj8rCHzS
688540179234189314,2016-01-17 01:55:45,"rimmer =&gt; emacs, lister =&gt; vim, cat =&gt; sublime text #clue"
686519412308971520,2016-01-11 12:05:57,"RT @ethereumproject: New Ethereum Blog Post from @gavofyork - ""The last Blog Post""  https://t.co/LFYbNkvEBj #Blockchain #Future"
686275191798902786,2016-01-10 19:55:30,RT @nw_nicholas: I have received an apology from the FCA for failure to regulate HSBC over massive fraud. BBC not interested. BBC is run by‚Ä¶
685154226385891328,2016-01-07 17:41:11,"RT @Snowden: Without Tor, when you walk the streets of the internet, you're always watched. https://t.co/TEsGGCzEwr #SupportTor https://t.c‚Ä¶"
679040425164972032,2015-12-21 20:47:07,"RT @Snowden: Mandating security flaws is dangerous, whether TSA or NSA. ""Master keys"" are quickly copied. https://t.co/qJKrNmPCL6 https://t‚Ä¶"
679040396836605952,2015-12-21 20:47:01,RT @Snowden: Reports indicate a backdoor designed by NSA has been repurposed by America's adversaries and used against us: https://t.co/0T4‚Ä¶
679040321540521984,2015-12-21 20:46:43,"RT @lessig: My talk at #BlockchainSyd: Deja v√∫ all over again: Thinking through law &amp; code, again on Vimeo https://t.co/Zz2DFL5L7F"
678275115667341313,2015-12-19 18:06:03,RT @jutta_steiner: I just published ‚ÄúUsing the Global Trust Machine to Solve Transparency in Supply Chains‚Äù https://t.co/AaF5cbdUuK
677791045321670656,2015-12-18 10:02:32,Dug up from annals of (Github) #ethereum history: my original design for Solidity back in Aug '14. Oh the memories...https://t.co/An1ZpRSu7O
675719063277084677,2015-12-12 16:49:13,Musings on how the #cryptolaw ecosystem is going to take shape in #ethereum. https://t.co/WzbV531SXH
672006481957527552,2015-12-02 10:56:45,RT @vgrade: Native SailfishOS eth client on Nexus 5 syncing ethereum block chain @bobsummerwill https://t.co/3j9uWbszaz
671464481571127296,2015-11-30 23:03:02,"RT @doublethink_co: BLOG - First working Ethereum C++ cross-builds
https://t.co/cIAXm147Fl ‚Ä¶
#ethereum #blockchain #cplusplus #mobile #wear‚Ä¶"
670656449454972928,2015-11-28 17:32:12,RT @EthEmbedded: Pre-release x-compile build of cpp-ethereum/webthree from @doublethink_co running on @EthEmbedded's @Raspberry_Pi-2! https‚Ä¶
668742508134932480,2015-11-23 10:46:53,RT @ClipperChip: Drone operators explain vividly how the whole program is institutionalized murder. https://t.co/NRtWPMt3Tq That was distur‚Ä¶
666773162928029698,2015-11-18 00:21:24,Super-configurable private chains now available on hot_gav branch (soon v1.2 of cpp-ethereum): https://t.co/oy8E5y9xYm
666001540541489152,2015-11-15 21:15:15,RT @imbadatlife: There actually are 2 men sitting waist-deep in a flooded pub garden in Leeds to finish their pints. I'm impressed. https:/‚Ä¶
665202037156638720,2015-11-13 16:18:19,@danmcquillan yes indeed. I'll get it on slideshare ASAP.
665201013528375296,2015-11-13 16:14:15,lulz. Bring on the #ethereum tokens https://t.co/EsNM6ypdrP
664356974671343616,2015-11-11 08:20:20,"A four minute primer on #ethereum without mentioning ""blockchain"" from #IMWorldevent https://t.co/KEwy9eSKgE"
664149048316833793,2015-11-10 18:34:07,#ethereum cpp coders pub hangout finds ethereum shaped head. Coincidence? I think not. https://t.co/oe1c3OWOGa
663113867577458688,2015-11-07 22:00:40,"Just synced chain on new ""Fluidity"" refactoring of C++ #ethereum core."
662953632489414657,2015-11-07 11:23:57,really liking gramatik https://t.co/NCn0uzS5mR
661581003098619906,2015-11-03 16:29:37,RT @Snowden: Explainer from British industry re: deceptive UK govt spin about weakening crypto security: https://t.co/0blcdCcTAR https://t.‚Ä¶
661552006805512192,2015-11-03 14:34:24,Presentation on #ethereum from #imworld 2015 is up! https://t.co/QW5O6fLmUh
660086442375389184,2015-10-30 13:30:46,"#ethereum eth v1.0.0 out https://t.co/2RvcBJp8nz; includes JIT-compiled contracts (""EVMJIT""). 1.1 on its way with fast-syncing and more!"
656390930203807744,2015-10-20 08:46:07,"Guess #ethereum ""world computer"" terminology is a little too grandiose?https://t.co/dE87zt0sRs"
656013234026192897,2015-10-19 07:45:17,What is #ethereum at #getdcent last week https://t.co/wgeOeFB5Yt
655673404994035712,2015-10-18 09:14:56,"WTF is #ethereum really? #redecentralize talk, 30 mins in at http://t.co/c35Eed2Hwd"
655082854561554432,2015-10-16 18:08:18,Great talking to @the_prion at @software_daily about #ethereum!
655082453787398145,2015-10-16 18:06:42,RT @jeffehh: Good times with @gavofyork &amp; @VitalikButerin PoC9 hackaton üôèüèº http://t.co/icjolTztxS
653922225079386112,2015-10-13 13:16:22,D√©j√†-vu http://t.co/4YJFsC1eNh
653168479495942144,2015-10-11 11:21:15,New #ethereum AlethZero: √êApp-loader and in-built Chromium dev tools. http://t.co/89oIVFRihj
651723495664168960,2015-10-07 11:39:24,"Arrived in Bucharest ready for #IMWorldevent, where I'll be attempting to explain #ethereum without reference to blockchain. Wish me luck."
651501444667940864,2015-10-06 20:57:03,RT @jutta_steiner: Very glad I could be present when @trentmc0's farming expertise helped @gavofyork to paint the future of blockchains. :D
651501168590503936,2015-10-06 20:55:57,Looking forward to meeting people at Berlin's #getdcent this weekend!
650693685995307010,2015-10-04 15:27:18,"First #ethereum testnet ""Morden"" now active! eth &amp; Aleth* v1.0 when released next week will all support it natively. https://t.co/fCaFVAPLGf"
649884680469262336,2015-10-02 09:52:36,Another step towards the realisation of Web3 - well done ConsenSys! https://t.co/irNkUCcZ0I
640169351279177728,2015-09-05 14:27:21,One of the dragons #web3 can actually slay #ethereum. http://t.co/WXQp3qj2YQ
636865777161904128,2015-08-27 11:40:08,web 3.0 API walkthrough &amp; perhaps even an early demo of alethOne web3 client at #imworld this october
634411640021221376,2015-08-20 17:08:16,consensus issue in frontier; # 116522 invalid geth-mined block. eth unaffected. let this be a lesson to miners: run eth #ethereum
631810689733029888,2015-08-13 12:53:01,RT @ABCNews24: Swedish prosecutors dropped investigations into allegations of sexual assault on @wikileaks Julian Assange @bevvo14 http://t‚Ä¶
630088777470464000,2015-08-08 18:50:45,Ageing: will to record becomes will to recall. #clue
629052999042777088,2015-08-05 22:14:56,gas floor steadily rising - looks like we'll have the first #ethereum frontier transactions in a few hours...
626776798609702912,2015-07-30 15:30:08,#ethereum frontier genesis block released! http://t.co/j14ulsEkyy
625752084059660289,2015-07-27 19:38:17,blog post is out. frontier is imminent. easy eth &amp; AlethZero download &amp; install is on its way!
624885483500388352,2015-07-25 10:14:43,"test genesis wallet created with alethzero (C++) on the frontier pre-net! see all the accounts, too! #ethereum http://t.co/IzGJsVgTKW"
624334013461856256,2015-07-23 21:43:23,"Just used a provisional genesis block to ""claim"" (dry run only!) 20eth from the #ethereum ethersale. #ooohitsworking http://t.co/F7nBDgZuhK"
621981507817734144,2015-07-17 09:55:21,Employment is the fossil fuel of commerce; #ethereum the fusion reactor. #clue
604258027185688576,2015-05-29 12:08:34,"@ConradJohnson not currently, but next time I am I'll be sure to take you up on that!"
599258058515226624,2015-05-15 17:00:29,Truth is only treason when the law is a lie #clue
598858721410842625,2015-05-14 14:33:40,"#ethereum: platform where you can pay-to-play within an predictable, auditable, deterministic shared object-oriented execution environment."
592744017965805570,2015-04-27 17:36:01,@TheSwanFactory to facilitate data return paths without complicating gas usage.
592743699181862912,2015-04-27 17:34:45,First Indirect type XET ICAP transfer. Proxy contract deposit is being made via an IBAN format code. #ethereum http://t.co/Nw0XNM6lS5
589898657337634819,2015-04-19 21:09:34,Python attacking the network with the help of C++'s headless GPU miner. @jeffehh where's da go? #ethereum http://t.co/k1JXENBVEA
587741351988633601,2015-04-13 22:17:12,First effort to architect @ProvenanceHQ for implementing on #ethereum http://t.co/vLyU2LSuIU
586865406759018496,2015-04-11 12:16:31,My experimental alethzero integrated with @programmerTim 's opencl miner. Back to back blocks. #ethereumproject http://t.co/CByfQT7iHk
586859504991604736,2015-04-11 11:53:03,@xanerode it's still experimental; I need to do some substantial refactoring before it's ready for prime time.
586823133581160448,2015-04-11 09:28:32,@VitalikButerin my initial benchmarks put it in the tens of MHs-1. That'd be well over 100x on an 8core Intel. #ethereumproject
586623875577937922,2015-04-10 20:16:45,The first working Ethereum GPU miner makes mincemeat of the network. #ethereumproject http://t.co/ACPcmhRKw8
586622856437563392,2015-04-10 20:12:42,RT @VitalikButerin: @gavofyork just 51% attacked the testnet @ 69700 with a laptop GPU miner. Est 2048*ln(25) = 6500 blocks before block ti‚Ä¶
586241612185001984,2015-04-09 18:57:46,C++ soaring past 60k and into the Third epoch! http://t.co/MoDzqhmJT2 #ethereumproject #geeksexcitedaboutnonsense
586213982664527872,2015-04-09 17:07:59,RT @LefterisJP: #ethereum network status monitor in the #ethdev Berlin office http://t.co/rKyGI8kmPk
585878318391676929,2015-04-08 18:54:10,Unruling the world. #ethereumproject http://t.co/ZRoYW7gAaN
585870970369388545,2015-04-08 18:24:58,The Zug Frontier CnC centre is (modestly) kicking off... http://t.co/yZXvu6AAfs
585613846490013697,2015-04-08 01:23:15,want to watch pretty information that tracks the #ethereumproject's testnet? checkout our dashboard! http://t.co/umjyOnwmsB
585510504547889153,2015-04-07 18:32:37,"What would Kamal Khan say? Profitability through secrecy is a rare breed of business model, soon to be made extinct. #clue"
585503498478952448,2015-04-07 18:04:46,Kerckhoffs' doctrine for biz: information age will kill any model that fundamentally depends on the secrecy of its workings to profit  #clue
585456641312743424,2015-04-07 14:58:35,"Device democracy is a terrible term. ""Device republicanism"" better; reflects key concepts rule-of-law, anti-(majority-)tyranny. #clue #IoT"
584530211183718400,2015-04-05 01:37:17,Bazaar Services. A hallmark of the mid-21st century? https://t.co/TQQb4vHgTo
584528854523498496,2015-04-05 01:31:53,V (red) vs. G (green) and an accompanying explanation 'Chain Fibers' https://t.co/8UNSKQdyRX @ethereumproject http://t.co/7GZZSvayfI
584434950503555073,2015-04-04 19:18:45,"Ethereum 2.0 scalability looking increasingly sorted. Chain threads, Fishermen  and double-or-nothing validators."
584434396582805504,2015-04-04 19:16:33,The PoC-9 testnet monitor - Go &amp; C++ interoperating with decent block propogation. http://t.co/4R6KRPnK0h
573082046534443008,2015-03-04 11:26:21,The three core devs busy at work in the great PoC-9 hackathon. @ethereumproject @berlin http://t.co/XueaoGFTsh
572438341997760512,2015-03-02 16:48:30,New ETH/√êŒûV update: https://t.co/JAQ6QrDNkk
568878768460337152,2015-02-20 21:04:02,Pushed PoC-8 to master. Binaries (including Mix!) to follow shortly. Roll on PoC-9 &amp; the release...
541950829004353537,2014-12-08 13:42:01,First whisper sent between Go &amp; C++ implementations. @ethwhisper @web3 @ethereumproject http://t.co/PhrzCj76bo
526457129352581120,2014-10-26 19:35:35,First Whisper-based √êApp tested and working: Chat #ethereum #webthree #ethdev http://t.co/Dp9tEPiHo3
526025919358828544,2014-10-25 15:02:06,"I just did the first remote Whisper message on the live testnet(!) FTR, Stephan used it to request pizza. #whisper #webthree #ethereum"
523491116998737920,2014-10-18 15:09:42,A quick update on what I've been up to. https://t.co/OgeWElDRoh #ethereum #ethdev
513068696907288576,2014-09-19 20:54:44,Just 65536 bytes. Best demo ever. https://t.co/fjBiLrT8bg
512549805344968704,2014-09-18 10:32:50,"My address at USFQ. I'm at 22 minutes in. I'd say this is my best delivery...
https://t.co/vhzlBq1Wcr #ethereum #bitcoin"
495964556750241792,2014-08-03 16:08:59,RT @piersmorgan: At what point does Israel's current military strategy become the very terrorism it professes to be fighting? #gaza #schools
495963712759808001,2014-08-03 16:05:38,Turns out I'm doing the keynote at Inside Bitcoins next month. http://t.co/zIXtHjzP0f #bitcoin #ethereum #cryptolaw
495865701232807937,2014-08-03 09:36:10,Resurected http://t.co/785Uk6Y23J and http://t.co/kTVrj6asxA. What fun.
495864941493358592,2014-08-03 09:33:09,Assembly 2014: Biggest LAN party I've ever seen. My talk https://t.co/1bkidTIWHZ #ethereum
465240619636756480,2014-05-10 21:23:02,"Loving Eureovision in the Fylde (deepest, darkest NW England) #joinus #eurovision #eurovision2014 http://t.co/i5O1d9ADWZ"
462218499163963392,2014-05-02 13:14:12,Talking (lecturing?) next Friday in London on some pretty cool stuff... #ethereum http://t.co/qKlDhMyGKh
456845403028082688,2014-04-17 17:23:26,√êApps: What Web 3.0 Looks Like http://t.co/VZSbwUMvyw #ethereum #web3
453649723396612097,2014-04-08 21:44:57,A perspective on #Ethereum that probably won't be far off the mark: http://t.co/TIEv2Mt5oA
453644780669378561,2014-04-08 21:25:18,RT @stephantual: VitalikCoin vs GavCoin on Ethereum devel branch... may the best meta-coin win! #muchwow @decentralca http://t.co/o10zHMJdu2
451411220525252608,2014-04-02 17:29:56,Gavin Wood - http://t.co/14xnkZEz4j via @Shareaholic
404017890635968512,2013-11-22 22:45:46,Found out today I have blood type AB. It's like my whole life has been leading up to this point.
378173533722902528,2013-09-12 15:09:31,Individualism doesn't exist. We are merely the sum of our social allegiances and enemies. #clue
378172654139625472,2013-09-12 15:06:01,Never put down to incompetence that which can be adequately explained by self-interest. #clue
370137635085221888,2013-08-21 10:57:43,End the intimidation: Stop the attacks on journalists and their families: http://t.co/AUIDoJhapL via @freepress @Roots_Action
342585474763857920,2013-06-06 10:15:16,Implementation is to software design what critical rationalism is to a scientific theory. That's why evolutionary coding works. #clue
342393224641515522,2013-06-05 21:31:20,RT @wikileaks: Recommended: Who is the classified 'enemy' of the United States? | New Yorker http://t.co/w5RWzbCRkZ more: http://t.co/wnz1v‚Ä¶
342387356655026176,2013-06-05 21:08:01,The only certainty stemming from the concentration of power is the irreparability of the eventual mistake. #clue
300988421260845056,2013-02-11 15:23:26,RT @RichardDawkins: I feel sorry for the Pope and all old Catholic priests. Imagine having a wasted life to look back on and no sex.
278923156838834176,2012-12-12 18:03:57,"gav's design law no. 2: if you're going to make a mistake, make a small one: it's easier to correct later. #clue"
278923013188112384,2012-12-12 18:03:23,"gav's design law no. 1: all design decisions are, in the fullness of time, mistakes. #clue"
231012463817138176,2012-08-02 13:03:58,the unexplored second gender of humanity: sub/dom. #clue
231011782171443200,2012-08-02 13:01:15,hope = wilful suspension of cynicism. #clue
231011750294720512,2012-08-02 13:01:07,faith = wilful suspension of disbelief. #clue
204582430684876803,2012-05-21 14:40:27,be firm only over that which matters: be flexible over all else. #clue
199890623736717312,2012-05-08 15:56:53,impressionism imparts. expressionism expels. literalism records. #clue
199889695398830080,2012-05-08 15:53:11,"my comm tactics: impressionist (ken), literalist (siobhan), or expressionist (spoilt ballot)?"
199889034296832001,2012-05-08 15:50:34,"comprehensive, convenient, concise: choose any two. #clue"
199888891250098178,2012-05-08 15:50:00,better to stand on the knees of giants than dangle from their shoulders. #clue
199888693207642113,2012-05-08 15:49:12,"age slows learning, reduces adaptiveness, induces neophobia, and increases conservatism. solution: keep learning! #clue"
199887844406345728,2012-05-08 15:45:50,curiosity and creativity - two sides of the same coin? #clue
199887730073812993,2012-05-08 15:45:23,"decisions: the longer the term of repercussions, the more expansive the self-identity. #clue"
199887164404809728,2012-05-08 15:43:08,governments are not extensions of the public consciousness: they are (partially) independent actors and must be considered as such. #clue
199855821444759552,2012-05-08 13:38:35,what i want: a volume control in the title bar of every (sound-producing) window.
13776301420,2010-05-11 07:50:19,"No, damn it, I'm civilised; I refuse to give in to the forces of chaos: I *will* use a teaspoon. #random"
12507336136,2010-04-20 09:40:31,Cows on treadmills. Brilliant. http://bit.ly/bHmFlD #moo
12503938205,2010-04-20 07:38:08,In a cool Brussels cafe that has a collection of board games for customer use. Now know the french for Zug-um-Zug is Les Adventures du Rail
11442722848,2010-04-01 20:17:15,http://www.guardian.co.uk/uk/2010/apr/01/simon-singh-wins-libel-court
9973051365,2010-03-04 13:25:10,pretty pictures galore http://respectthebeard.com/fractals
2237274179,2009-06-19 12:30:44,Twitition: Google Earth to update satellite images of Tehran #Iranelection http://twitition.com/csfeo @patrickaltoft
